i2i_by_feature,i2i_after_sign,i2i_prec_radius_2,i2i_recall_radius_2,i2i_map_radius_2,build_time,validation_time
0.5002780648981412,0.5003558695450416,0.5004985762771683,0.9102162834973202,0.5012153910601089,663.4275715351105,642.8523931503296
