i2i_by_feature,i2i_after_sign,i2i_prec_radius_2,i2i_recall_radius_2,i2i_map_radius_2,build_time,validation_time
0.5010972187258305,0.5005527422753285,0.5000939185057005,0.8891765138788896,0.501376350522165,679.1032695770264,651.867737531662
